{
  "id": "4185:3847",
  "name": "Variant_Subtle_State_Disabled_Size_Small",
  "type": "COMPONENT",
  "properties": {},
  "styles": {
    "backgroundColor": {
      "r": 0.8509804010391235,
      "g": 0.8509804010391235,
      "b": 0.8509804010391235,
      "a": 1
    },
    "borderColor": {
      "r": 0.7019608020782471,
      "g": 0.7019608020782471,
      "b": 0.7019608020782471,
      "a": 1
    },
    "borderWidth": 1,
    "borderRadius": 8,
    "padding": "8px 8px 8px 8px"
  }
}