{
  "id": "315:32701",
  "name": "Placement_Bottom",
  "type": "COMPONENT",
  "properties": {},
  "styles": {
    "backgroundColor": {
      "r": 1,
      "g": 1,
      "b": 1,
      "a": 1
    },
    "borderColor": {
      "r": 0.8509804010391235,
      "g": 0.8509804010391235,
      "b": 0.8509804010391235,
      "a": 1
    },
    "borderWidth": 1,
    "borderRadius": 8,
    "padding": "8px 12px 8px 12px"
  }
}