{
  "id": "4185:3783",
  "name": "Variant_Primary_State_Hover_Size_Medium",
  "type": "COMPONENT",
  "properties": {},
  "styles": {
    "backgroundColor": {
      "r": 0.11764705926179886,
      "g": 0.11764705926179886,
      "b": 0.11764705926179886,
      "a": 1
    },
    "borderColor": {
      "r": 0.1725490242242813,
      "g": 0.1725490242242813,
      "b": 0.1725490242242813,
      "a": 1
    },
    "borderWidth": 1,
    "borderRadius": 8,
    "padding": "12px 12px 12px 12px"
  }
}