{
  "id": "9762:697",
  "name": "Type_Card",
  "type": "COMPONENT",
  "properties": {},
  "styles": {
    "backgroundColor": {
      "r": 1,
      "g": 1,
      "b": 1,
      "a": 1
    },
    "borderColor": {
      "r": 0.8509804010391235,
      "g": 0.8509804010391235,
      "b": 0.8509804010391235,
      "a": 1
    },
    "borderWidth": 1,
    "borderRadius": 8,
    "padding": "32px 32px 32px 32px"
  }
}