{
  "id": "197:19742",
  "name": "Form_Register",
  "type": "COMPONENT",
  "properties": {},
  "styles": {
    "backgroundColor": {
      "r": 1,
      "g": 1,
      "b": 1,
      "a": 1
    },
    "borderColor": {
      "r": 0.8509804010391235,
      "g": 0.8509804010391235,
      "b": 0.8509804010391235,
      "a": 1
    },
    "borderWidth": 1,
    "borderRadius": 8,
    "padding": "24px 24px 24px 24px"
  }
}