{
  "id": "7723:4485",
  "name": "State_Closed",
  "type": "COMPONENT",
  "properties": {},
  "styles": {
    "backgroundColor": {
      "r": 0.9607843160629272,
      "g": 0.9607843160629272,
      "b": 0.9607843160629272,
      "a": 1
    },
    "borderColor": {
      "r": 0.8509804010391235,
      "g": 0.8509804010391235,
      "b": 0.8509804010391235,
      "a": 1
    },
    "borderWidth": 1,
    "borderRadius": 8,
    "padding": "16px 16px 16px 16px"
  }
}