{
  "id": "1444:13104",
  "name": "Device_Mobile_Variant_Brand",
  "type": "COMPONENT",
  "properties": {},
  "styles": {
    "backgroundColor": {
      "r": 0.1725490242242813,
      "g": 0.1725490242242813,
      "b": 0.1725490242242813,
      "a": 1
    },
    "borderColor": {
      "r": 0.1725490242242813,
      "g": 0.1725490242242813,
      "b": 0.1725490242242813,
      "a": 1
    },
    "borderWidth": 1,
    "borderRadius": 8,
    "padding": "24px 24px 24px 24px"
  }
}