{
  "id": "4185:3815",
  "name": "Variant_Primary_State_Default_Size_Small",
  "type": "COMPONENT",
  "properties": {},
  "styles": {
    "backgroundColor": {
      "r": 0.1725490242242813,
      "g": 0.1725490242242813,
      "b": 0.1725490242242813,
      "a": 1
    },
    "borderColor": {
      "r": 0.1725490242242813,
      "g": 0.1725490242242813,
      "b": 0.1725490242242813,
      "a": 1
    },
    "borderWidth": 1,
    "borderRadius": 8,
    "padding": "8px 8px 8px 8px"
  }
}